biGQs,biGQs 2,evwcZ,biGQs 3,AVYYu,AVYYu 2,AVYYu 3,AVYYu 4
1. Jaypee Residency Manor,4.7,4.7 of 5 bubbles,"(3,137 reviews)",Romantic,Park View,Classic,Breakfast included
2. Hotel Vishnu Palace,4.5,4.5 of 5 bubbles,"(3,353 reviews)",Family,Modern,Business,Breakfast included
"3. Country Inn Premier Pacific Resort, Mussoorie",4.4,4.4 of 5 bubbles,(297 reviews),Romantic,Trendy,Business,
4. Pride Ashiyana Resort Mussoorie,4.9,4.9 of 5 bubbles,(795 reviews),Romantic,Family,Quaint,Breakfast included
"5. Ramada by Wyndham,Mussoorie Mall Road",4.9,4.9 of 5 bubbles,"(1,940 reviews)",Romantic,Park View,Classic,Breakfast included
6. Hotel Mussoorie Heights,5,5 of 5 bubbles,(3 reviews),Quaint,Luxury,,
7. Sterling Mussoorie,4.7,4.7 of 5 bubbles,"(3,905 reviews)",Romantic,Trendy,Business,
"8. Sangam By Stotrak, Jhula Ghar Mussoorie",5,5 of 5 bubbles,(73 reviews),Romantic,Budget,Family,
9. Tulip Inn Green Castle - Hotel & Spa,3.9,3.9 of 5 bubbles,(331 reviews),Romantic,Modern,Family,
10. Mosaic Hotel Mussoorie,4.8,4.8 of 5 bubbles,"(1,619 reviews)",Romantic,Boutique,Great View,Breakfast included
"11. The Hosteller Mussoorie, Mall Road",4.5,4.5 of 5 bubbles,(84 reviews),Romantic,Quaint,Charming,
"12. The Fern Brentwood Resort Mussoorie, Series by Marriott",4.8,4.8 of 5 bubbles,"(1,734 reviews)",Romantic,Classic,Trendy,Breakfast included
13. The Palm Aryan Mussoorie - A Boutique Hotel,4.5,4.5 of 5 bubbles,(26 reviews),Romantic,Boutique,Family,
14. Madhuban Sarovar Portico Mussoorie,4.8,4.8 of 5 bubbles,"(1,234 reviews)",Romantic,City View,Family,
15. Hotel Padmini Nivas,4.5,4.5 of 5 bubbles,(824 reviews),Romantic,Park View,Classic,
"16. Lemon Tree Resort, Mussoorie",4.9,4.9 of 5 bubbles,(249 reviews),Romantic,Quaint,Business,Breakfast included
17. The Mountain Quail Hotel & Resort,4.7,4.7 of 5 bubbles,(533 reviews),Romantic,Trendy,Business,Breakfast included
18. Hotel Sungrace,4.8,4.8 of 5 bubbles,"(1,550 reviews)",Romantic,Classic,Trendy,Breakfast included
19. Treebo Raj Mall Road,5,5 of 5 bubbles,(6 reviews),Budget,Business,Quaint,
"20. The Oasis Mussoorie, a member of Radisson Individuals",4.7,4.7 of 5 bubbles,"(2,393 reviews)",Romantic,Modern,Family,Breakfast included
21. JW Marriott Mussoorie Walnut Grove Resort & Spa,4.8,4.8 of 5 bubbles,"(4,209 reviews)",Romantic,Park View,Trendy,Breakfast included
"22. Hotel Paradise Mansion, Mussoorie",4.4,4.4 of 5 bubbles,(380 reviews),Romantic,Trendy,Family,Breakfast included
"23. Welcomhotel By ITC Hotels, The Savoy",4.9,4.9 of 5 bubbles,"(5,424 reviews)",Romantic,Park View,Classic,All inclusive
24. Zone Connect By The Park Mussoorie,4.5,4.5 of 5 bubbles,(821 reviews),Romantic,Trendy,Modern,
25. Club Mahindra Mussoorie,4.8,4.8 of 5 bubbles,"(4,090 reviews)",Romantic,Family,Charming,
26. Fortune Resort Grace -  Mussoorie,4.8,4.8 of 5 bubbles,"(2,960 reviews)",Romantic,City View,Modern,Breakfast included
27. Mussoorie Gateway,4.1,4.1 of 5 bubbles,(464 reviews),Quiet,Trendy,Budget,
"28. Tree of Life Highlands, Landour-Mussoorie",4.7,4.7 of 5 bubbles,(201 reviews),Romantic,Quaint,Mid-range,Breakfast included
29. Royal Orchid Fort Resort,4.8,4.8 of 5 bubbles,"(3,208 reviews)",Romantic,City View,Modern,
30. Hotel Highland By DLS Hotels,4.7,4.7 of 5 bubbles,(445 reviews),Romantic,Boutique,Great View,Breakfast included
